weather_subtype,mean,count
Гроза,34.47287037037037,6
Половодье,30.2915873015873,7
Подтопление,27.954252330561854,441
Аномально жаркая погода,10.989678362573098,133
Очень сильный ветер (в том числе шквал),8.910029239766082,38
Сильный дождь,8.544823232323234,33
Аномально холодная погода,0.6555555555555556,7
